{
  "project_info": {
    "project_number": "522156354924",
    "firebase_url": "https://downbeat-fdd38.firebaseio.com",
    "project_id": "downbeat-fdd38",
    "storage_bucket": "downbeat-fdd38.appspot.com"
  },
  "client": [
    {
      "client_info": {
        "mobilesdk_app_id": "1:522156354924:android:f5fbfc0eee92a434921749",
        "android_client_info": {
          "package_name": "com.example.down_beat"
        }
      },
      "oauth_client": [
        {
          "client_id": "522156354924-kpqahlojbmbct61f21i4agaqpmebktme.apps.googleusercontent.com",
          "client_type": 3
        }
      ],
      "api_key": [
        {
          "current_key": "AIzaSyCKdMHHnJPxMIehL3bmVWlRE6DPcY3LuBk"
        }
      ],
      "services": {
        "appinvite_service": {
          "other_platform_oauth_client": [
            {
              "client_id": "522156354924-kpqahlojbmbct61f21i4agaqpmebktme.apps.googleusercontent.com",
              "client_type": 3
            }
          ]
        }
      }
    }
  ],
  "configuration_version": "1"
}